accuracy,precision,recall,macro f1,micro f1
0.27666666666666667,0.27666666666666667,0.27666666666666667,0.27666666666666667,0.27666666666666667
