result_rmse,result_corr
2.8678744,0.5461886689946851
